{
    "general": {
        "ja": "一般",
        "slots": {
            "city": {
                "ja": "都市",
                "informable": true,
                "requestable": false,
                "book": false
            },
            "active_domain": {
                "ja": "着目ドメイン",
                "informable": true,
                "requestable": false,
                "book": false
            }
        }
    },
    "restaurant": {
        "ja": "飲食店",
        "slots": {
            "name": {
                "ja": "店名",
                "informable": true,
                "requestable": true,
                "book": false
            },
            "genre": {
                "ja": "ジャンル",
                "informable": true,
                "requestable": true,
                "book": false
            },
            "area": {
                "ja": "エリア",
                "informable": true,
                "requestable": true,
                "book": false
            },
            "pricerange": {
                "ja": "値段帯",
                "informable": true,
                "requestable": true,
                "book": false
            },
            "station": {
                "ja": "最寄り駅",
                "informable": true,
                "requestable": true,
                "book": false
            },
            "wifi": {
                "ja": "wifiの有無",
                "informable": true,
                "requestable": true,
                "book": false
            },
            "parking": {
                "ja": "駐車場の有無",
                "informable": true,
                "requestable": true,
                "book": false
            },
            "opentime": {
                "ja": "営業時間",
                "informable": false,
                "requestable": true,
                "book": false
            },
            "phone": {
                "ja": "電話番号",
                "informable": false,
                "requestable": true,
                "book": false
            },
            "address": {
                "ja": "住所",
                "informable": false,
                "requestable": true,
                "book": false
            },
            "accesstime": {
                "ja": "近辺の駅からの所要時間",
                "informable": false,
                "requestable": true,
                "book": false
            },
            "closed": {
                "ja": "定休日",
                "informable": false,
                "requestable": true,
                "book": false
            },
            "priceinfo": {
                "ja": "料金情報",
                "informable": false,
                "requestable": true,
                "book": false
            },
            "reference": {
                "ja": "予約番号",
                "informable": false,
                "requestable": true,
                "book": false
            },
            "people": {
                "ja": "人数",
                "informable": false,
                "requestable": false,
                "book": true
            },
            "day": {
                "ja": "日付",
                "informable": false,
                "requestable": false,
                "book": true
            },
            "time": {
                "ja": "時刻",
                "informable": false,
                "requestable": false,
                "book": true
            }
        }
    },
    "hotel": {
        "ja": "宿泊施設",
        "slots": {
            "name": {
                "ja": "施設名",
                "informable": true,
                "requestable": true,
                "book": false
            },
            "genre": {
                "ja": "タイプ",
                "informable": true,
                "requestable": true,
                "book": false
            },
            "area": {
                "ja": "エリア",
                "informable": true,
                "requestable": true,
                "book": false
            },
            "pricerange": {
                "ja": "値段帯",
                "informable": true,
                "requestable": true,
                "book": false
            },
            "station": {
                "ja": "最寄り駅",
                "informable": true,
                "requestable": true,
                "book": false
            },
            "wifi": {
                "ja": "wifiの有無",
                "informable": true,
                "requestable": true,
                "book": false
            },
            "parking": {
                "ja": "駐車場の有無",
                "informable": true,
                "requestable": true,
                "book": false
            },
            "withrestaurant": {
                "ja": "レストランの有無",
                "informable": true,
                "requestable": true,
                "book": false
            },
            "phone": {
                "ja": "電話番号",
                "informable": false,
                "requestable": true,
                "book": false
            },
            "address": {
                "ja": "住所",
                "informable": false,
                "requestable": true,
                "book": false
            },
            "accesstime": {
                "ja": "近辺の駅からの所要時間",
                "informable": false,
                "requestable": true,
                "book": false
            },
            "checkintime": {
                "ja": "チェックイン開始時刻",
                "informable": false,
                "requestable": true,
                "book": false
            },
            "checkouttime": {
                "ja": "チェックアウト終了時刻",
                "informable": false,
                "requestable": true,
                "book": false
            },
            "priceinfo": {
                "ja": "料金情報",
                "informable": false,
                "requestable": true,
                "book": false
            },
            "reference": {
                "ja": "予約番号",
                "informable": false,
                "requestable": true,
                "book": false
            },
            "people": {
                "ja": "人数",
                "informable": false,
                "requestable": false,
                "book": true
            },
            "day": {
                "ja": "日付",
                "informable": false,
                "requestable": false,
                "book": true
            },
            "stay": {
                "ja": "宿泊日数",
                "informable": false,
                "requestable": false,
                "book": true
            }
        }
    },
    "attraction": {
        "ja": "観光名所",
        "slots": {
            "name": {
                "ja": "名称",
                "informable": true,
                "requestable": true,
                "book": false
            },
            "genre": {
                "ja": "ジャンル",
                "informable": true,
                "requestable": true,
                "book": false
            },
            "area": {
                "ja": "エリア",
                "informable": true,
                "requestable": true,
                "book": false
            },
            "station": {
                "ja": "最寄り駅",
                "informable": true,
                "requestable": true,
                "book": false
            },
            "wifi": {
                "ja": "wifiの有無",
                "informable": true,
                "requestable": true,
                "book": false
            },
            "parking": {
                "ja": "駐車場の有無",
                "informable": true,
                "requestable": true,
                "book": false
            },
            "opentime": {
                "ja": "営業時間",
                "informable": false,
                "requestable": true,
                "book": false
            },
            "phone": {
                "ja": "電話番号",
                "informable": false,
                "requestable": true,
                "book": false
            },
            "address": {
                "ja": "住所",
                "informable": false,
                "requestable": true,
                "book": false
            },
            "accesstime": {
                "ja": "近辺の駅からの所要時間",
                "informable": false,
                "requestable": true,
                "book": false
            },
            "closed": {
                "ja": "定休日",
                "informable": false,
                "requestable": true,
                "book": false
            },
            "adultfee": {
                "ja": "大人入場料",
                "informable": false,
                "requestable": true,
                "book": false
            },
            "childfee": {
                "ja": "子供入場料",
                "informable": false,
                "requestable": true,
                "book": false
            },
            "priceinfo": {
                "ja": "料金情報",
                "informable": false,
                "requestable": true,
                "book": false
            }
        }
    },
    "shopping": {
        "ja": "買い物",
        "slots": {
            "name": {
                "ja": "店舗名",
                "informable": true,
                "requestable": true,
                "book": false
            },
            "genre": {
                "ja": "ジャンル",
                "informable": true,
                "requestable": true,
                "book": false
            },
            "area": {
                "ja": "エリア",
                "informable": true,
                "requestable": true,
                "book": false
            },
            "station": {
                "ja": "最寄り駅",
                "informable": true,
                "requestable": true,
                "book": false
            },
            "parking": {
                "ja": "駐車場の有無",
                "informable": true,
                "requestable": true,
                "book": false
            },
            "opentime": {
                "ja": "営業時間",
                "informable": false,
                "requestable": true,
                "book": false
            },
            "phone": {
                "ja": "電話番号",
                "informable": false,
                "requestable": true,
                "book": false
            },
            "address": {
                "ja": "住所",
                "informable": false,
                "requestable": true,
                "book": false
            },
            "accesstime": {
                "ja": "近辺の駅からの所要時間",
                "informable": false,
                "requestable": true,
                "book": false
            },
            "closed": {
                "ja": "定休日",
                "informable": false,
                "requestable": true,
                "book": false
            }
        }
    },
    "taxi": {
        "ja": "タクシー",
        "slots": {
            "name": {
                "ja": "タクシー会社名",
                "informable": true,
                "requestable": true,
                "book": false
            },
            "cashless": {
                "ja": "キャッシュレス対応",
                "informable": true,
                "requestable": true,
                "book": false
            },
            "jumbo": {
                "ja": "ジャンボタクシー対応",
                "informable": true,
                "requestable": true,
                "book": false
            },
            "phone": {
                "ja": "電話番号",
                "informable": false,
                "requestable": true,
                "book": false
            },
            "reference": {
                "ja": "予約番号",
                "informable": false,
                "requestable": true,
                "book": false
            },
            "day": {
                "ja": "日付",
                "informable": false,
                "requestable": false,
                "book": true
            },
            "time": {
                "ja": "出発時刻",
                "informable": false,
                "requestable": false,
                "book": true
            },
            "departurepoint": {
                "ja": "出発地",
                "informable": false,
                "requestable": false,
                "book": true
            },
            "arrivalpoint": {
                "ja": "目的地",
                "informable": false,
                "requestable": false,
                "book": true
            }
        }
    },
    "weather": {
        "ja": "天気",
        "slots": {
            "area": {
                "ja": "エリア",
                "informable": true,
                "requestable": false,
                "book": false
            },
            "day": {
                "ja": "日付",
                "informable": true,
                "requestable": false,
                "book": false
            },
            "weather": {
                "ja": "天気",
                "informable": false,
                "requestable": true,
                "book": false
            },
            "mintemperature": {
                "ja": "最低気温",
                "informable": false,
                "requestable": true,
                "book": false
            },
            "maxtemperature": {
                "ja": "最高気温",
                "informable": false,
                "requestable": true,
                "book": false
            }
        }
    }
}