[
  {
    "city": "仙台",
    "name": "仙台タクシーグループ",
    "cashless": "対応",
    "jumbo": "対応",
    "phone": "0570061616"
  },
  {
    "city": "仙台",
    "name": "稲荷タクシー（有）",
    "cashless": "不明",
    "jumbo": "対応",
    "phone": "0222411121"
  },
  {
    "city": "仙台",
    "name": "仙南タクシー（株）",
    "cashless": "対応",
    "jumbo": "対応",
    "phone": "0570021070"
  },
  {
    "city": "仙台",
    "name": "（株）帝産キャブ仙台",
    "cashless": "対応",
    "jumbo": "対応",
    "phone": "0120117101"
  },
  {
    "city": "仙台",
    "name": "仙台中央タクシー（株）",
    "cashless": "対応",
    "jumbo": "対応",
    "phone": "0570057818"
  },
  {
    "city": "仙台",
    "name": "仙都タクシー（株）",
    "cashless": "対応",
    "jumbo": "対応",
    "phone": "0120023742"
  },
  {
    "city": "仙台",
    "name": "平和交通（株）",
    "cashless": "対応",
    "jumbo": "対応",
    "phone": "0570086000"
  },
  {
    "city": "仙台",
    "name": "（株）青葉タクシー",
    "cashless": "対応",
    "jumbo": "非対応",
    "phone": "0222587879"
  },
  {
    "city": "仙台",
    "name": "仙台第一交通（株）",
    "cashless": "不明",
    "jumbo": "非対応",
    "phone": "0222361221"
  },
  {
    "city": "仙台",
    "name": "宮城タクシー（株）",
    "cashless": "対応",
    "jumbo": "非対応",
    "phone": "0222441181"
  },
  {
    "city": "仙台",
    "name": "（有）振興タクシー",
    "cashless": "対応",
    "jumbo": "対応",
    "phone": "0222841411"
  },
  {
    "city": "仙台",
    "name": "（株）フタバタクシー",
    "cashless": "対応",
    "jumbo": "対応",
    "phone": "0222369371"
  },
  {
    "city": "仙台",
    "name": "（有）高砂タクシー",
    "cashless": "対応",
    "jumbo": "対応",
    "phone": "0222511166"
  },
  {
    "city": "仙台",
    "name": "永楽交通（株）",
    "cashless": "対応",
    "jumbo": "非対応",
    "phone": "0222484546"
  },
  {
    "city": "仙台",
    "name": "（有）光泉タクシー",
    "cashless": "対応",
    "jumbo": "対応",
    "phone": "0223752525"
  },
  {
    "city": "仙台",
    "name": "（株）泉交通",
    "cashless": "対応",
    "jumbo": "非対応",
    "phone": "0223795656"
  },
  {
    "city": "仙台",
    "name": "（株）けやき交通",
    "cashless": "対応",
    "jumbo": "非対応",
    "phone": "0120408814"
  },
  {
    "city": "福岡",
    "name": "第一タクシー（有）",
    "cashless": "対応",
    "jumbo": "非対応",
    "phone": "0120775931"
  },
  {
    "city": "福岡",
    "name": "親和交通（株）",
    "cashless": "対応",
    "jumbo": "非対応",
    "phone": "0924738811"
  },
  {
    "city": "福岡",
    "name": "飯倉タクシー（株）",
    "cashless": "不明",
    "jumbo": "非対応",
    "phone": "0928723131"
  },
  {
    "city": "福岡",
    "name": "五十川タクシー（有）",
    "cashless": "対応",
    "jumbo": "非対応",
    "phone": "0925012525"
  },
  {
    "city": "福岡",
    "name": "福岡西鉄タクシー（株）",
    "cashless": "対応",
    "jumbo": "対応",
    "phone": "0570010531"
  },
  {
    "city": "福岡",
    "name": "清流タクシー（有）",
    "cashless": "不明",
    "jumbo": "対応",
    "phone": "0928041000"
  },
  {
    "city": "福岡",
    "name": "（有）福運タクシー",
    "cashless": "対応",
    "jumbo": "対応",
    "phone": "0928710539"
  },
  {
    "city": "福岡",
    "name": "日新交通（株）",
    "cashless": "対応",
    "jumbo": "対応",
    "phone": "0120152452"
  },
  {
    "city": "福岡",
    "name": "西日本自動車（株）",
    "cashless": "不明",
    "jumbo": "対応",
    "phone": "0570075678"
  },
  {
    "city": "福岡",
    "name": "（株）第一交通",
    "cashless": "対応",
    "jumbo": "対応",
    "phone": "0924816400"
  },
  {
    "city": "福岡",
    "name": "日本交通産業（株）",
    "cashless": "対応",
    "jumbo": "非対応",
    "phone": "0925886377"
  },
  {
    "city": "福岡",
    "name": "（有）大鵬タクシー",
    "cashless": "不明",
    "jumbo": "対応",
    "phone": "0925515311"
  },
  {
    "city": "福岡",
    "name": "福岡交通（株）",
    "cashless": "対応",
    "jumbo": "対応",
    "phone": "0570081234"
  },
  {
    "city": "福岡",
    "name": "（有）寿タクシー",
    "cashless": "対応",
    "jumbo": "非対応",
    "phone": "0925412566"
  },
  {
    "city": "福岡",
    "name": "（有）さくらタクシー",
    "cashless": "対応",
    "jumbo": "非対応",
    "phone": "0928712325"
  },
  {
    "city": "福岡",
    "name": "ラッキー自動車（株）",
    "cashless": "対応",
    "jumbo": "対応",
    "phone": "0925417755"
  },
  {
    "city": "福岡",
    "name": "文化タクシー（株）",
    "cashless": "不明",
    "jumbo": "非対応",
    "phone": "0928221234"
  },
  {
    "city": "福岡",
    "name": "福岡昭和タクシー（株）",
    "cashless": "対応",
    "jumbo": "対応",
    "phone": "0120408860"
  },
  {
    "city": "福岡",
    "name": "（有）春吉タクシー",
    "cashless": "不明",
    "jumbo": "対応",
    "phone": "0924778484"
  },
  {
    "city": "福岡",
    "name": "平和交通（株）",
    "cashless": "対応",
    "jumbo": "非対応",
    "phone": "0924114422"
  },
  {
    "city": "那覇",
    "name": "沖縄交通",
    "cashless": "対応",
    "jumbo": "対応",
    "phone": "0120170978"
  },
  {
    "city": "那覇",
    "name": "鏡原第一交通",
    "cashless": "対応",
    "jumbo": "対応",
    "phone": "0988537801"
  },
  {
    "city": "那覇",
    "name": "沖東交通グループ",
    "cashless": "不明",
    "jumbo": "対応",
    "phone": "0989465654"
  },
  {
    "city": "那覇",
    "name": "沖縄第一交通株式会社",
    "cashless": "対応",
    "jumbo": "対応",
    "phone": "0120780124"
  },
  {
    "city": "那覇",
    "name": "那覇第一交通",
    "cashless": "対応",
    "jumbo": "対応",
    "phone": "0988537801"
  },
  {
    "city": "那覇",
    "name": "丸星交通",
    "cashless": "対応",
    "jumbo": "対応",
    "phone": "0988685831"
  },
  {
    "city": "那覇",
    "name": "三和交通",
    "cashless": "対応",
    "jumbo": "対応",
    "phone": "0120100084"
  },
  {
    "city": "那覇",
    "name": "大栄交通",
    "cashless": "不明",
    "jumbo": "対応",
    "phone": "0989465005"
  },
  {
    "city": "那覇",
    "name": "丸二タクシー",
    "cashless": "対応",
    "jumbo": "対応",
    "phone": "0988552140"
  },
  {
    "city": "東京",
    "name": "グリーンキャブ",
    "cashless": "対応",
    "jumbo": "非対応",
    "phone": "0332038181"
  },
  {
    "city": "東京",
    "name": "ビゲスト",
    "cashless": "対応",
    "jumbo": "非対応",
    "phone": "0334201385"
  },
  {
    "city": "東京",
    "name": "京王自動車 多摩北",
    "cashless": "対応",
    "jumbo": "対応",
    "phone": "0336436881"
  },
  {
    "city": "東京",
    "name": "東京エムケイ",
    "cashless": "対応",
    "jumbo": "対応",
    "phone": "0355475551"
  },
  {
    "city": "東京",
    "name": "寿交通",
    "cashless": "対応",
    "jumbo": "非対応",
    "phone": "0422325189"
  },
  {
    "city": "東京",
    "name": "トーショー交通",
    "cashless": "対応",
    "jumbo": "対応",
    "phone": "0423441111"
  },
  {
    "city": "東京",
    "name": "高鉄交通",
    "cashless": "対応",
    "jumbo": "対応",
    "phone": "0120617212"
  },
  {
    "city": "東京",
    "name": "三和交通（板橋区）",
    "cashless": "対応",
    "jumbo": "対応",
    "phone": "0357552151"
  },
  {
    "city": "東京",
    "name": "西武ハイヤー",
    "cashless": "対応",
    "jumbo": "非対応",
    "phone": "0570058180"
  },
  {
    "city": "東京",
    "name": "東京交通",
    "cashless": "対応",
    "jumbo": "非対応",
    "phone": "0423914455"
  },
  {
    "city": "東京",
    "name": "銀星交通",
    "cashless": "対応",
    "jumbo": "対応",
    "phone": "0425750458"
  },
  {
    "city": "東京",
    "name": "昭栄自動車",
    "cashless": "対応",
    "jumbo": "対応",
    "phone": "0357552151"
  },
  {
    "city": "東京",
    "name": "北光自動車交通",
    "cashless": "対応",
    "jumbo": "非対応",
    "phone": "0335635151"
  },
  {
    "city": "東京",
    "name": "キャピタルオート",
    "cashless": "対応",
    "jumbo": "対応",
    "phone": "0357552151"
  },
  {
    "city": "東京",
    "name": "府中観光交通",
    "cashless": "対応",
    "jumbo": "非対応",
    "phone": "0423625515"
  },
  {
    "city": "東京",
    "name": "大国自動車交通",
    "cashless": "対応",
    "jumbo": "対応",
    "phone": "0357552151"
  },
  {
    "city": "東京",
    "name": "大和交通保谷",
    "cashless": "対応",
    "jumbo": "対応",
    "phone": "0335635151"
  },
  {
    "city": "東京",
    "name": "小田急交通南多摩",
    "cashless": "対応",
    "jumbo": "対応",
    "phone": "0354847171"
  },
  {
    "city": "東京",
    "name": "小金井交通",
    "cashless": "対応",
    "jumbo": "対応",
    "phone": "0423811482"
  },
  {
    "city": "東京",
    "name": "葵交通株式会社",
    "cashless": "対応",
    "jumbo": "対応",
    "phone": "0570550555"
  },
  {
    "city": "横浜",
    "name": "株式会社グリーンキャブ",
    "cashless": "対応",
    "jumbo": "対応",
    "phone": "0456638181"
  },
  {
    "city": "横浜",
    "name": "神奈川都市交通株式会社 金沢営業所",
    "cashless": "対応",
    "jumbo": "非対応",
    "phone": "0457430100"
  },
  {
    "city": "横浜",
    "name": "飛鳥交通横浜株式会社",
    "cashless": "対応",
    "jumbo": "非対応",
    "phone": "0570075770"
  },
  {
    "city": "横浜",
    "name": "アサヒタクシー株式会社",
    "cashless": "非対応",
    "jumbo": "非対応",
    "phone": "0120411190"
  },
  {
    "city": "横浜",
    "name": "金港交通株式会社 港南台営業所",
    "cashless": "不明",
    "jumbo": "非対応",
    "phone": "0457526500"
  },
  {
    "city": "横浜",
    "name": "東宝タクシー株式会社",
    "cashless": "非対応",
    "jumbo": "非対応",
    "phone": "0455040003"
  },
  {
    "city": "横浜",
    "name": "株式会社富士タクシー",
    "cashless": "不明",
    "jumbo": "対応",
    "phone": "0457552211"
  },
  {
    "city": "横浜",
    "name": "京浜交通株式会社 弁天橋営業所",
    "cashless": "対応",
    "jumbo": "非対応",
    "phone": "0442442288"
  },
  {
    "city": "横浜",
    "name": "スタジアム交通株式会社",
    "cashless": "対応",
    "jumbo": "対応",
    "phone": "0120776081"
  },
  {
    "city": "横浜",
    "name": "平和交通株式会社 新子安営業所",
    "cashless": "対応",
    "jumbo": "非対応",
    "phone": "0456638181"
  },
  {
    "city": "横浜",
    "name": "京浜ハイヤー株式会社",
    "cashless": "対応",
    "jumbo": "対応",
    "phone": "0457411896"
  },
  {
    "city": "横浜",
    "name": "日本交通横浜株式会社",
    "cashless": "不明",
    "jumbo": "非対応",
    "phone": "0443556511"
  },
  {
    "city": "横浜",
    "name": "東都東タクシー株式会社",
    "cashless": "不明",
    "jumbo": "非対応",
    "phone": "0455936565"
  },
  {
    "city": "横浜",
    "name": "富士見交通株式会社",
    "cashless": "対応",
    "jumbo": "非対応",
    "phone": "0120411190"
  },
  {
    "city": "横浜",
    "name": "瀬谷交通有限会社",
    "cashless": "不明",
    "jumbo": "対応",
    "phone": "0453601144"
  },
  {
    "city": "横浜",
    "name": "国際自動車株式会社",
    "cashless": "対応",
    "jumbo": "対応",
    "phone": "0120385931"
  },
  {
    "city": "横浜",
    "name": "日本サントスキャブ株式会社",
    "cashless": "対応",
    "jumbo": "対応",
    "phone": "0120193117"
  },
  {
    "city": "横浜",
    "name": "横浜北交通株式会社",
    "cashless": "対応",
    "jumbo": "非対応",
    "phone": "0120915502"
  },
  {
    "city": "横浜",
    "name": "北斗タクシー株式会社",
    "cashless": "不明",
    "jumbo": "対応",
    "phone": "0456238884"
  },
  {
    "city": "横浜",
    "name": "アイ株式会社",
    "cashless": "不明",
    "jumbo": "非対応",
    "phone": "0457118668"
  },
  {
    "city": "大阪",
    "name": "東京・日本交通株式会社",
    "cashless": "対応",
    "jumbo": "対応",
    "phone": "0666493171"
  },
  {
    "city": "大阪",
    "name": "株式会社未来都",
    "cashless": "対応",
    "jumbo": "対応",
    "phone": "0669060088"
  },
  {
    "city": "大阪",
    "name": "南タクシー株式会社",
    "cashless": "対応",
    "jumbo": "対応",
    "phone": "0667121331"
  },
  {
    "city": "大阪",
    "name": "大宝タクシー株式会社",
    "cashless": "対応",
    "jumbo": "対応",
    "phone": "0647020011"
  },
  {
    "city": "大阪",
    "name": "近鉄タクシー株式会社",
    "cashless": "対応",
    "jumbo": "対応",
    "phone": "0570069001"
  },
  {
    "city": "大阪",
    "name": "株式会社国際興業大阪",
    "cashless": "対応",
    "jumbo": "対応",
    "phone": "0570035931"
  },
  {
    "city": "大阪",
    "name": "タックン大阪株式会社",
    "cashless": "対応",
    "jumbo": "非対応",
    "phone": "0669350778"
  },
  {
    "city": "大阪",
    "name": "榮交通株式会社",
    "cashless": "対応",
    "jumbo": "対応",
    "phone": "0669624641"
  },
  {
    "city": "大阪",
    "name": "ナショナルタクシー株式会社",
    "cashless": "不明",
    "jumbo": "対応",
    "phone": "0669343006"
  },
  {
    "city": "大阪",
    "name": "南和タクシー株式会社",
    "cashless": "不明",
    "jumbo": "非対応",
    "phone": "0664719010"
  },
  {
    "city": "大阪",
    "name": "日本タクシー株式会社",
    "cashless": "対応",
    "jumbo": "対応",
    "phone": "0669285151"
  },
  {
    "city": "大阪",
    "name": "大阪神鉄豊中タクシー株式会社",
    "cashless": "不明",
    "jumbo": "対応",
    "phone": "0668383788"
  },
  {
    "city": "大阪",
    "name": "都島交通株式会社",
    "cashless": "不明",
    "jumbo": "対応",
    "phone": "0669568811"
  },
  {
    "city": "大阪",
    "name": "駒姫タクシーグループ",
    "cashless": "対応",
    "jumbo": "非対応",
    "phone": "0666858451"
  },
  {
    "city": "大阪",
    "name": "商都交通株式会社",
    "cashless": "対応",
    "jumbo": "非対応",
    "phone": "0662626868"
  },
  {
    "city": "大阪",
    "name": "相互タクシー株式会社",
    "cashless": "対応",
    "jumbo": "対応",
    "phone": "0669315489"
  },
  {
    "city": "大阪",
    "name": "堀江タクシー株式会社",
    "cashless": "不明",
    "jumbo": "対応",
    "phone": "0665318829"
  },
  {
    "city": "大阪",
    "name": "関西空港リムジン株式会社",
    "cashless": "不明",
    "jumbo": "対応",
    "phone": "0570072525"
  },
  {
    "city": "大阪",
    "name": "大阪山陽タクシー株式会社",
    "cashless": "不明",
    "jumbo": "非対応",
    "phone": "0663531758"
  },
  {
    "city": "大阪",
    "name": "一番株式会社",
    "cashless": "不明",
    "jumbo": "対応",
    "phone": "0667077171"
  },
  {
    "city": "大阪",
    "name": "株式会社フット",
    "cashless": "対応",
    "jumbo": "対応",
    "phone": "0665751700"
  },
  {
    "city": "札幌",
    "name": "ダイコク交通(株)",
    "cashless": "対応",
    "jumbo": "対応",
    "phone": "0117416000"
  },
  {
    "city": "札幌",
    "name": "鈴蘭交通(株)",
    "cashless": "対応",
    "jumbo": "非対応",
    "phone": "0116676000"
  },
  {
    "city": "札幌",
    "name": "昭和交通(株)",
    "cashless": "対応",
    "jumbo": "非対応",
    "phone": "0117811525"
  },
  {
    "city": "札幌",
    "name": "寿ハイヤー(株)",
    "cashless": "対応",
    "jumbo": "非対応",
    "phone": "0115726000"
  },
  {
    "city": "札幌",
    "name": "恊和交通(株)",
    "cashless": "対応",
    "jumbo": "対応",
    "phone": "0118751211"
  },
  {
    "city": "札幌",
    "name": "暁交通(株)",
    "cashless": "対応",
    "jumbo": "対応",
    "phone": "0117712632"
  },
  {
    "city": "札幌",
    "name": "朝日交通(株)",
    "cashless": "不明",
    "jumbo": "対応",
    "phone": "0120176644"
  },
  {
    "city": "札幌",
    "name": "つばめ自動車(株)",
    "cashless": "不明",
    "jumbo": "対応",
    "phone": "0118112121"
  },
  {
    "city": "札幌",
    "name": "ライラック交通(株)",
    "cashless": "不明",
    "jumbo": "対応",
    "phone": "0117535821"
  },
  {
    "city": "札幌",
    "name": "新雪交通(株)",
    "cashless": "不明",
    "jumbo": "対応",
    "phone": "0118647811"
  },
  {
    "city": "札幌",
    "name": "北広島第一交通(株)",
    "cashless": "対応",
    "jumbo": "対応",
    "phone": "0118115151"
  },
  {
    "city": "札幌",
    "name": "江別ハイヤー(株)",
    "cashless": "対応",
    "jumbo": "非対応",
    "phone": "0118466000"
  },
  {
    "city": "札幌",
    "name": "日北交通(株)",
    "cashless": "対応",
    "jumbo": "非対応",
    "phone": "0118888686"
  },
  {
    "city": "札幌",
    "name": "北都ベリアールサービス(株)",
    "cashless": "対応",
    "jumbo": "対応",
    "phone": "0118202200"
  },
  {
    "city": "札幌",
    "name": "平岸ハイヤー(株)",
    "cashless": "対応",
    "jumbo": "非対応",
    "phone": "0118318111"
  },
  {
    "city": "札幌",
    "name": "小鳩交通(株)",
    "cashless": "不明",
    "jumbo": "対応",
    "phone": "0116648181"
  },
  {
    "city": "札幌",
    "name": "北陵交通(株)",
    "cashless": "不明",
    "jumbo": "対応",
    "phone": "0117816711"
  },
  {
    "city": "札幌",
    "name": "札幌団地タクシー(株)",
    "cashless": "不明",
    "jumbo": "非対応",
    "phone": "0116615656"
  },
  {
    "city": "札幌",
    "name": "東邦交通(株)",
    "cashless": "不明",
    "jumbo": "非対応",
    "phone": "0116621040"
  },
  {
    "city": "札幌",
    "name": "北都交通(株)",
    "cashless": "対応",
    "jumbo": "対応",
    "phone": "0112904181"
  },
  {
    "city": "京都",
    "name": "彌榮自動車株式会社",
    "cashless": "不明",
    "jumbo": "対応",
    "phone": "0758421212"
  },
  {
    "city": "京都",
    "name": "洛陽交運株式会社",
    "cashless": "不明",
    "jumbo": "対応",
    "phone": "0756918101"
  },
  {
    "city": "京都",
    "name": "京都観光バス株式会社",
    "cashless": "不明",
    "jumbo": "対応",
    "phone": "0756920010"
  },
  {
    "city": "京都",
    "name": "ユニオン株式会社",
    "cashless": "不明",
    "jumbo": "非対応",
    "phone": "0756721872"
  },
  {
    "city": "京都",
    "name": "ギオン自動車株式会社",
    "cashless": "不明",
    "jumbo": "非対応",
    "phone": "0757216868"
  },
  {
    "city": "京都",
    "name": "愛都交通株式会社",
    "cashless": "対応",
    "jumbo": "対応",
    "phone": "0756460020"
  },
  {
    "city": "京都",
    "name": "京都相互タクシー株式会社",
    "cashless": "対応",
    "jumbo": "対応",
    "phone": "0758623000"
  },
  {
    "city": "京都",
    "name": "洛東タクシー株式会社",
    "cashless": "対応",
    "jumbo": "対応",
    "phone": "0755931112"
  },
  {
    "city": "京都",
    "name": "高速タクシー株式会社",
    "cashless": "対応",
    "jumbo": "対応",
    "phone": "0756015588"
  },
  {
    "city": "京都",
    "name": "興進タクシー株式会社",
    "cashless": "対応",
    "jumbo": "対応",
    "phone": "0756814481"
  },
  {
    "city": "京都",
    "name": "エムケイ株式会社",
    "cashless": "対応",
    "jumbo": "対応",
    "phone": "0757784141"
  },
  {
    "city": "京都",
    "name": "比叡タクシー株式会社",
    "cashless": "不明",
    "jumbo": "対応",
    "phone": "0755010050"
  },
  {
    "city": "京都",
    "name": "帝産京都自動車株式会社",
    "cashless": "対応",
    "jumbo": "対応",
    "phone": "0756611881"
  },
  {
    "city": "京都",
    "name": "株式会社新大文字交通",
    "cashless": "不明",
    "jumbo": "対応",
    "phone": "0756613901"
  },
  {
    "city": "京都",
    "name": "株式会社キャビック",
    "cashless": "対応",
    "jumbo": "対応",
    "phone": "0758642100"
  },
  {
    "city": "京都",
    "name": "株式会社エコロ２１",
    "cashless": "対応",
    "jumbo": "対応",
    "phone": "0758032228"
  },
  {
    "city": "京都",
    "name": "都タクシー株式会社",
    "cashless": "対応",
    "jumbo": "対応",
    "phone": "0756616611"
  },
  {
    "city": "京都",
    "name": "京都第一交通株式会社",
    "cashless": "不明",
    "jumbo": "対応",
    "phone": "0120382333"
  },
  {
    "city": "京都",
    "name": "比叡山観光タクシー株式会社",
    "cashless": "不明",
    "jumbo": "非対応",
    "phone": "0757221701"
  },
  {
    "city": "京都",
    "name": "加茂タクシー株式会社",
    "cashless": "不明",
    "jumbo": "対応",
    "phone": "0774436400"
  },
  {
    "city": "名古屋",
    "name": "名鉄交通第一",
    "cashless": "対応",
    "jumbo": "非対応",
    "phone": "0570085255"
  },
  {
    "city": "名古屋",
    "name": "帝産キャブ名古屋",
    "cashless": "対応",
    "jumbo": "対応",
    "phone": "0529141115"
  },
  {
    "city": "名古屋",
    "name": "楠交通",
    "cashless": "対応",
    "jumbo": "対応",
    "phone": "0522412233"
  },
  {
    "city": "名古屋",
    "name": "鯱第一交通",
    "cashless": "不明",
    "jumbo": "対応",
    "phone": "0529123456"
  },
  {
    "city": "名古屋",
    "name": "中日本タクシー",
    "cashless": "対応",
    "jumbo": "非対応",
    "phone": "0570039758"
  },
  {
    "city": "名古屋",
    "name": "丸八交通",
    "cashless": "不明",
    "jumbo": "対応",
    "phone": "0528026711"
  },
  {
    "city": "名古屋",
    "name": "名古屋近鉄タクシー",
    "cashless": "対応",
    "jumbo": "非対応",
    "phone": "0570048881"
  },
  {
    "city": "名古屋",
    "name": "大名古屋交通",
    "cashless": "不明",
    "jumbo": "対応",
    "phone": "0529138686"
  },
  {
    "city": "名古屋",
    "name": "三晃タクシー",
    "cashless": "対応",
    "jumbo": "非対応",
    "phone": "0528311975"
  },
  {
    "city": "名古屋",
    "name": "第五フジタクシー",
    "cashless": "不明",
    "jumbo": "対応",
    "phone": "0525232211"
  },
  {
    "city": "名古屋",
    "name": "宝タクシー第三",
    "cashless": "対応",
    "jumbo": "対応",
    "phone": "0526826000"
  },
  {
    "city": "名古屋",
    "name": "愛電交通",
    "cashless": "対応",
    "jumbo": "非対応",
    "phone": "0570085255"
  },
  {
    "city": "名古屋",
    "name": "つばめタクシーグループ",
    "cashless": "対応",
    "jumbo": "対応",
    "phone": "0522031212"
  },
  {
    "city": "名古屋",
    "name": "名古屋エムケイ",
    "cashless": "対応",
    "jumbo": "対応",
    "phone": "0529125908"
  },
  {
    "city": "名古屋",
    "name": "東海交通",
    "cashless": "対応",
    "jumbo": "対応",
    "phone": "0532571111"
  },
  {
    "city": "名古屋",
    "name": "中川タクシー",
    "cashless": "不明",
    "jumbo": "対応",
    "phone": "0528212345"
  },
  {
    "city": "名古屋",
    "name": "名鉄名古屋タクシー",
    "cashless": "対応",
    "jumbo": "非対応",
    "phone": "0570085255"
  },
  {
    "city": "名古屋",
    "name": "伸和交通",
    "cashless": "対応",
    "jumbo": "対応",
    "phone": "0522031212"
  },
  {
    "city": "名古屋",
    "name": "瑞穂タクシー",
    "cashless": "対応",
    "jumbo": "対応",
    "phone": "0523311680"
  },
  {
    "city": "名古屋",
    "name": "名鉄西部交通西部",
    "cashless": "対応",
    "jumbo": "対応",
    "phone": "0568213295"
  }
]